Cpd-AddOnMass,Note,RT,m/z,charge,Height(MS1),Height(MS2),Matched Counts,Matched(%)
5_4_0_1-0(0),Sialylated,27.244500000000002,966.8510600000001,2,3718216.1454157596,2188674.3082596916,15,100.0%
5_4_0_1-0(1),Sialylated,28.158333333333335,966.8510600000001,2,42516075.205091804,25136558.003665574,15,100.0%
