TITLE,formula,isotopic1,isotopic2,isotopic3,isotopic1_peak,isotopic2_peak,isotopic3_peak,T_isotopic1,T_isotopic2,T_isotopic3,T_isotopic1_peaks,T_isotopic2_peaks,T_isotopic3_peaks,norm_isotopic_isotopic1_peak,norm_isotopic_isotopic2_peak,norm_isotopic_isotopic3_peak,norm_T_isotopic_T_isotopic1_peaks,norm_T_isotopic_T_isotopic2_peaks,norm_T_isotopic_T_isotopic3_peaks,cosine_similarity
5_4_0_0-0(0),C62H102N4O45,821.304931640625,821.8070678710938,822.3052368164062,323781.375,185320.5625,58816.828125,821.2976,821.7976,822.2976,0.4480118418037367,0.31230048576975233,0.10721216037751123,1.0,0.5723632574603774,0.18165599588611298,1.0,0.6970808729349697,0.23930653249223335,0.995
5_4_0_1-0(0),C73H119N5O53,966.8533935546876,967.3549194335938,967.8560180664062,4201809.0,3405640.0,1888226.625,966.8426,967.3426,967.8426,0.3881453501524338,0.318940082766191,0.12936612893325364,1.0,0.8105175651725245,0.44938421165740755,1.0,0.8217027014259883,0.33329300191912264,0.996
5_4_0_1-0(1),C73H119N5O53,966.8527221679688,967.3538818359376,967.8548583984376,49610172.0,42096348.0,22140758.0,966.8426,967.3426,967.8426,0.3881453501524338,0.318940082766191,0.12936612893325364,1.0,0.8485426738693831,0.44629472359015404,1.0,0.8217027014259883,0.33329300191912264,0.997
5_4_1_1-0(0),C79H129N5O57,1039.8861083984375,1040.3895263671875,1040.89306640625,34592.7421875,23926.40234375,10583.5908203125,1039.8726,1040.3726,1040.8726,0.35994529020673416,0.3195404247751603,0.140159773140074,1.0,0.6916596034527654,0.30594830450119254,1.0,0.8877472034475924,0.3893918796925316,0.993
5_4_1_1-0(1),C79H129N5O57,1039.8831787109375,1040.3843994140625,1040.8863525390625,408645.4375,404075.4375,241909.6875,1039.8726,1040.3726,1040.8726,0.35994529020673416,0.3195404247751603,0.140159773140074,1.0,0.9888167110638547,0.5919794161411627,1.0,0.8877472034475924,0.3893918796925316,0.992
5_4_1_1-0(2),C79H129N5O57,1039.8819580078125,1040.38330078125,1040.884521484375,9601588.0,8782100.0,5194263.5,1039.8726,1040.3726,1040.8726,0.35994529020673416,0.3195404247751603,0.140159773140074,1.0,0.9146507848493395,0.5409796275366117,1.0,0.8877472034475924,0.3893918796925316,0.995
