Cpd-AddOnMass,Note,RT,m/z,charge,Height(MS1),Height(MS2),Matched Counts,Matched(%)
5_4_0_0-0(0),Neutral,28.158333333333335,821.30335,2,239350.1316290222,1846692.14884834,15,100.0%
