subtype,Height (MS1),Relative Height (MS1 %),Height (MS2),Relative Height (MS2 %)
Sialylated,46234291.350507565,83.25788394520856,27325232.311925266,65.8978099298296
Neutral,239350.1316290222,0.4310174309878496,1846692.14884834,4.453501687910895
Sialofucosyalted,9057785.885071099,16.311098623803584,12294146.021723721,29.648688382259504
